date,ead,day,month,holiday,sin_1_365.25
2023-03-16,0.343926569313021,3,3,0,0.0
2023-03-17,0.481654004363922,4,3,0,0.017201575418260506
2023-03-18,0.566728406350219,5,3,0,0.03439806061360801
2023-03-19,0.497218331783573,6,3,0,0.051584366869408364
2023-03-20,0.833433300654605,0,3,0,0.06875540848113941
2023-03-21,1.12246116203417,1,3,0,0.08590610426133272
2023-03-22,1.10378954026298,2,3,0,0.10303137904317879
2023-03-23,0.977485653165198,3,3,0,0.1201261651823505
2023-03-24,1.50563020102176,4,3,0,0.13718540405660057
2023-03-25,0.542098686877499,5,3,0,0.1542040475626894
2023-03-26,0.56164722414966,6,3,0,0.17117705961019986
2023-03-27,0.677832478575715,0,3,0,0.18809941761179758
2023-03-28,1.20706154516697,1,3,0,0.20496611396949532
2023-03-29,0.838945663879706,2,3,0,0.22177215755648186
2023-03-30,0.832692117598151,3,3,0,0.23851257519407648
2023-03-31,0.82870634336995,4,3,0,0.2551824131233728
2023-04-01,0.69239135964268,5,4,0,0.2717767384711357
2023-04-02,0.84526981797864,6,4,0,0.2882906407095177
2023-04-03,1.03233486409051,0,4,0,0.3047192331091634
2023-04-04,0.809122910841457,1,4,0,0.321057654185271
2023-04-05,0.547649234871265,2,4,0,0.3373010691361842
2023-04-06,0.53081734274496,3,4,0,0.3534446712740877
2023-04-07,0.552933675024441,4,4,1,0.3694836834473831
2023-04-08,0.328331147996444,5,4,2,0.38541335945432564
2023-04-09,0.545610249647764,6,4,0,0.4012289854475009
2023-04-10,0.479794185279629,0,4,1,0.4169258813287287
2023-04-11,0.640177947359158,1,4,2,0.4324994021339788
2023-04-12,0.656348751898043,2,4,0,0.44794493940789115
2023-04-13,0.651534664821698,3,4,0,0.4632579225674917
2023-04-14,0.34947433600954,4,4,0,0.4784338202547012
2023-04-15,0.429397848659704,5,4,0,0.49346814167723735
2023-04-16,0.748467100005529,6,4,0,0.5083564379375122
2023-04-17,0.921744071794096,0,4,0,0.5230943033491326
2023-04-18,0.671445736770074,1,4,0,0.5376773767406141
2023-04-19,0.716018995141053,2,4,0,0.5521013427459208
2023-04-20,0.573340057627718,3,4,0,0.5663619330814524
2023-04-21,0.661905125770169,4,4,0,0.580454927809098
2023-04-22,0.338543616572764,5,4,0,0.5943761565849831
2023-04-23,0.430720560318978,6,4,0,0.6081214998935418
2023-04-24,0.846540323545663,0,4,0,0.6216868902665479
2023-04-25,0.732069684832954,1,4,0,0.6350683134867438
2023-04-26,0.539596365924384,2,4,0,0.6482618097757122
2023-04-27,0.729298997592462,3,4,0,0.6612634749656386
2023-04-28,0.609220709700663,4,4,0,0.6740694616546162
2023-04-29,0.730286676589309,5,4,0,0.6866759803451553
2023-04-30,0.622574339361417,6,4,0,0.6990793005655562
2023-05-01,0.766800040643052,0,5,1,0.7112757519738152
2023-05-02,0.675886500778657,1,5,2,0.7232617254437388
2023-05-03,1.16068770505717,2,5,0,0.7350336741329412
2023-05-04,0.857637471948671,3,5,0,0.746588114532413
2023-05-05,0.899846251713982,4,5,0,0.7579216274973472
2023-05-06,0.384186268342254,5,5,0,0.7690308592589181
2023-05-07,0.523723798083827,6,5,0,0.7799125224167177
2023-05-08,0.974484958863273,0,5,0,0.7905633969115482
2023-05-09,0.942227675135788,1,5,0,0.8009803309782905
2023-05-10,1.3341801016122,2,5,3,0.8111602420785621
2023-05-11,1.11651587910444,3,5,0,0.8211001178128892
2023-05-12,0.787563263168658,4,5,0,0.8307970168121247
2023-05-13,0.527057241669944,5,5,0,0.8402480696078469
2023-05-14,0.606952160762359,6,5,0,0.8494504794814806
2023-05-15,0.853075345911652,0,5,0,0.8584015232918917
2023-05-16,0.636563125107858,1,5,0,0.8670985522812081
2023-05-17,0.45967312762874,2,5,0,0.8755389928586302
2023-05-18,0.390938974431128,3,5,0,0.8837203473619977
2023-05-19,0.299719737478456,4,5,0,0.8916401947968874
2023-05-20,0.309092312573856,5,5,0,0.8992961915530253
2023-05-21,0.331783719626385,6,5,0,0.9066860720977985
2023-05-22,0.361557840833704,0,5,0,0.9138076496466615
2023-05-23,0.494615662228253,1,5,0,0.9206588168102428
2023-05-24,0.416240311889192,2,5,0,0.9272375462179537
2023-05-25,0.357604289027226,3,5,0,0.9335418911179212
2023-05-26,0.276400641886359,4,5,0,0.9395699859530622
2023-05-27,0.185197553796077,5,5,0,0.945320046913132
2023-05-28,0.175569748342264,6,5,0,0.9507903724625832
2023-05-29,0.204381314484941,0,5,1,0.9559793438440766
2023-05-30,0.307558844290287,1,5,2,0.9608854255574977
2023-05-31,0.49107338314766,2,5,0,0.9655071658143364
2023-06-01,0.345550153753838,3,6,0,0.969843196967294
2023-06-02,0.360102191403682,4,6,0,0.9738922359149924
2023-06-03,0.253440082997727,5,6,0,0.9776530844816641
2023-06-04,0.31757605949919,6,6,0,0.981124629771712
2023-06-05,0.704827061415178,0,6,0,0.984305844499033
2023-06-06,0.801920609205192,1,6,0,0.9871957872910085
2023-06-07,0.337444704083389,2,6,0,0.9897936029670716
2023-06-08,0.448907106939882,3,6,0,0.992098522791769
2023-06-09,0.37044738551973,4,6,0,0.9941098647022418
2023-06-10,0.374017354260803,5,6,0,0.9958270335100595
2023-06-11,0.707879461090044,6,6,0,0.9972495210773451
2023-06-12,0.89588510726686,0,6,0,0.998376906467142
2023-06-13,0.847229711827983,1,6,0,0.9992088560679753
2023-06-14,0.77216013851684,2,6,0,0.9997451236925734
2023-06-15,0.610083129528807,3,6,0,0.9999855506507186
2023-06-16,0.289794458868327,4,6,0,0.9999300657962057
2023-06-17,0.171847680722819,5,6,0,0.9995786855478958
2023-06-18,0.262524019259489,6,6,0,0.9989315138848577
2023-06-19,0.40262654417276,0,6,0,0.9979887423155984
2023-06-20,0.264732443874669,1,6,0,0.9967506498213929
2023-06-21,0.441768701188418,2,6,0,0.9952176027737294
2023-06-22,0.352948987203366,3,6,0,0.9933900548258936
2023-06-23,0.243103031102927,4,6,0,0.9912685467787256
2023-06-24,0.209935667614155,5,6,0,0.9888537064205885
2023-06-25,0.218245387311696,6,6,0,0.986146248341595
2023-06-26,0.309583330532105,0,6,0,0.9831469737221499
2023-06-27,0.499287491434771,1,6,0,0.9798567700958665
2023-06-28,0.2716394119324,2,6,0,0.9762766110869321
2023-06-29,0.237647013243674,3,6,0,0.9724075561219968
2023-06-30,0.266434514674835,4,6,0,0.9682507501166718
2023-07-01,0.339460644240052,5,7,0,0.9638074231367307
2023-07-02,0.238040859654317,6,7,0,0.9590788900341131
2023-07-03,0.31828521051361,0,7,0,0.9540665500578387
2023-07-04,0.304586855691127,1,7,0,0.9487718864399473
2023-07-05,0.21211295026573,2,7,0,0.9431964659565866
2023-07-06,0.285401051595863,3,7,0,0.9373419384643772
2023-07-07,0.171390360109045,4,7,0,0.9312100364121947
2023-07-08,0.287314814774441,5,7,0,0.9248025743285089
2023-07-09,0.164647143549639,6,7,0,0.9181214482844365
2023-07-10,0.255107614641457,0,7,0,0.9111686353326631
2023-07-11,0.413058934981925,1,7,0,0.9039461929224011
2023-07-12,0.303440013361237,2,7,0,0.8964562582905575
2023-07-13,0.156306549368271,3,7,0,0.8887010478292915
2023-07-14,0.214730055819019,4,7,0,0.8806828564301475
2023-07-15,0.181534432554719,5,7,0,0.8724040568049612
2023-07-16,0.147558582601744,6,7,0,0.8638670987837349
2023-07-17,0.182425529256107,0,7,0,0.8550745085896932
2023-07-18,0.179908794010801,1,7,0,0.8460288880917339
2023-07-19,0.250573742336899,2,7,0,0.8367329140344921
2023-07-20,0.325609110325826,3,7,0,0.8271893372462497
2023-07-21,0.217824172125965,4,7,0,0.8174009818249189
2023-07-22,0.193956453484332,5,7,0,0.8073707443023492
2023-07-23,0.355943290392086,6,7,0,0.7971015927871943
2023-07-24,0.405081594675103,0,7,0,0.7865965660866021
2023-07-25,0.365885420682723,1,7,0,0.7758587728069828
2023-07-26,0.313952451635452,2,7,0,0.7648913904341226
2023-07-27,0.294218702670197,3,7,0,0.753697664392914
2023-07-28,0.390365962015623,4,7,0,0.742280907086982
2023-07-29,0.448120610509655,5,7,0,0.7306444969184916
2023-07-30,0.273901361451835,6,7,0,0.7187918772884232
2023-07-31,0.232019518226976,0,7,0,0.7067265555776159
2023-08-01,0.490379117551991,1,8,0,0.6944521021088763
2023-08-02,0.670822017790106,2,8,0,0.6819721490904629
2023-08-03,0.64026095743175,3,8,0,0.6692903895412567
2023-08-04,0.425916680323852,4,8,0,0.6564105761979381
2023-08-05,0.355228708969441,5,8,0,0.6433365204044917
2023-08-06,0.43227425944097,6,8,0,0.6300720909843687
2023-08-07,0.688649135347072,0,8,0,0.6166212130956382
2023-08-08,0.616106263793678,1,8,0,0.6029878670694714
2023-08-09,0.404392591598769,2,8,0,0.5891760872322963
2023-08-10,0.430386207745502,3,8,0,0.5751899607119775
2023-08-11,0.316575630213138,4,8,0,0.5610336262283677
2023-08-12,0.259848043388266,5,8,0,0.5467112728685939
2023-08-13,0.254910229765869,6,8,0,0.5322271388474397
2023-08-14,0.351788923345236,0,8,0,0.5175855102531889
2023-08-15,0.398670345779153,1,8,0,0.5027907197793043
2023-08-16,0.283336887981331,2,8,0,0.4878471454423119
2023-08-17,0.412800433895737,3,8,0,0.47275920928627757
2023-08-18,0.387767891651662,4,8,0,0.4575313760742512
2023-08-19,0.259057603427543,5,8,0,0.44216815196707204
2023-08-20,0.249838569388718,6,8,0,0.42667408318992467
2023-08-21,0.423957713226388,0,8,0,0.4110537546870351
2023-08-22,0.630555384728833,1,8,0,0.3953117887649151
2023-08-23,0.45489489434436,2,8,0,0.37945284372454435
2023-08-24,0.544484260605275,3,8,0,0.36348161248290634
2023-08-25,0.58855449824067,4,8,0,0.3474028211842774
2023-08-26,0.431450741718364,5,8,0,0.3312212278016865
2023-08-27,0.361134193403755,6,8,0,0.31494162072895193
2023-08-28,0.249356879913115,0,8,1,0.2985688173637202
2023-08-29,0.449163645899402,1,8,2,0.2821076626819194
2023-08-30,0.510453727119977,2,8,0,0.26556302780405594
2023-08-31,0.488547498132593,3,8,0,0.24893980855376657
2023-09-01,0.332850935091969,4,9,0,0.23224292400907015
2023-09-02,0.380559809616176,5,9,0,0.21547731504673012
2023-09-03,0.3577070958093,6,9,0,0.19864794288017112
2023-09-04,0.312058994232292,0,9,0,0.18175978759137534
2023-09-05,0.716142900966778,1,9,0,0.16481784665719793
2023-09-06,0.740579928220893,2,9,0,0.14782713347053048
2023-09-07,0.756512036566997,3,9,0,0.13079267585675922
2023-09-08,0.635687248011829,4,9,0,0.11371951458594969
2023-09-09,0.382208222412597,5,9,0,0.0966127018812031
2023-09-10,0.53548237086147,6,9,0,0.07947729992362097
2023-09-11,0.774056680317794,0,9,0,0.062318379354325076
2023-09-12,1.16355210839312,1,9,0,0.04514101777397193
2023-09-13,0.514802996592348,2,9,0,0.02795029824021032
2023-09-14,0.284507920607944,3,9,0,0.01075130776352193
2023-09-15,0.440591231159109,4,9,0,-0.00645086419810515
2023-09-16,0.417268437080018,5,9,0,-0.023651127245231586
2023-09-17,0.293384290162684,6,9,0,-0.04084439154329611
2023-09-18,0.363480319970884,0,9,0,-0.05802556932878035
2023-09-19,0.524960642181278,1,9,0,-0.07518957641475855
2023-09-20,0.356857442915288,2,9,0,-0.09233133369539123
2023-09-21,0.286412247841715,3,9,0,-0.10944576864891556
2023-09-22,0.231756254389421,4,9,0,-0.12652781683868314
2023-09-23,0.165489619563092,5,9,0,-0.1435724234118113
2023-09-24,0.218979658259883,6,9,0,-0.16057454459499376
2023-09-25,0.430783650496016,0,9,0,-0.17752914918703497
2023-09-26,0.85657696508105,1,9,0,-0.19443122004766195
2023-09-27,0.482841400759343,2,9,0,-0.2112757555821793
2023-09-28,0.684238522088959,3,9,0,-0.2280577712215198
2023-09-29,0.607931303731983,4,9,0,-0.24477230089725957
2023-09-30,0.44993723529691,5,9,0,-0.2614143985111562
2023-10-01,0.433815317204174,6,10,0,-0.2779791393987801
2023-10-02,0.570002316091239,0,10,0,-0.2944616217868012
2023-10-03,1.44827276769725,1,10,3,-0.3108569682435036
2023-10-04,0.557753720199263,2,10,0,-0.3271603271220951
2023-10-05,0.41327730843174,3,10,0,-0.34336687399638804
2023-10-06,0.407747172610137,4,10,0,-0.3594718130884232
2023-10-07,0.35606373671765,5,10,0,-0.3754703786876202
2023-10-08,0.565857175613868,6,10,0,-0.3913578365610259
2023-10-09,0.41832749439581,0,10,0,-0.4071294853542516
2023-10-10,0.92022064374248,1,10,0,-0.4227806579826773
2023-10-11,0.66578795877882,2,10,0,-0.4383067230125192
2023-10-12,0.618749048105164,3,10,0,-0.45370308603134424
2023-10-13,0.34786890085169,4,10,0,-0.46896519100763184
2023-10-14,0.410702809784631,5,10,0,-0.48408852163897587
2023-10-15,0.376022478036924,6,10,0,-0.4990686026885319
2023-10-16,0.661687066989329,0,10,0,-0.5139010013093103
2023-10-17,1.04840357393859,1,10,0,-0.5285813283559292
2023-10-18,0.604043697590384,2,10,0,-0.5431052396834317
2023-10-19,0.634883716760607,3,10,0,-0.5574684374327892
2023-10-20,0.396336701207407,4,10,0,-0.5716666713027052
2023-10-21,0.69285493655181,5,10,0,-0.5856957398073508
2023-10-22,0.856392209787346,6,10,0,-0.5995514915196489
2023-10-23,1.34723794535623,0,10,0,-0.6132298262997502
2023-10-24,0.721201697295717,1,10,0,-0.6267266965083301
2023-10-25,0.544247340951537,2,10,0,-0.6400381082043503
2023-10-26,0.657296439439048,3,10,0,-0.65316012232693
2023-10-27,0.419044386078026,4,10,0,-0.666088855860977
2023-10-28,0.316254363376326,5,10,0,-0.6788204829862357
2023-10-29,0.36433010315201,6,10,0,-0.6913512362094071
2023-10-30,0.598162199086833,0,10,0,-0.7036774074790128
2023-10-31,0.964278471720054,1,10,0,-0.7157953492826642
2023-11-01,1.23583158707512,2,11,0,-0.7277014757264236
2023-11-02,0.825586863611031,3,11,0,-0.7393922635959241
2023-11-03,0.34119688479588,4,11,0,-0.7508642533989489
2023-11-04,0.364861561625329,5,11,0,-0.7621140503891487
2023-11-05,0.59688371879856,6,11,0,-0.7731383255706027
2023-11-06,0.837121593493614,0,11,0,-0.7839338166829201
2023-11-07,0.826021549333154,1,11,0,-0.7944973291665992
2023-11-08,0.863158535467558,2,11,0,-0.8048257371083452
2023-11-09,0.828879787761331,3,11,0,-0.8149159841660791
2023-11-10,0.406934766336906,4,11,0,-0.8247650844733614
2023-11-11,0.341080087902309,5,11,0,-0.8343701235229537
2023-11-12,0.509012664628646,6,11,0,-0.8437282590292712
2023-11-13,0.534403293221663,0,11,0,-0.8528367217694595
2023-11-14,0.763813129604692,1,11,0,-0.8616928164028521
2023-11-15,0.377484369910645,2,11,0,-0.8702939222685674
2023-11-16,0.642839343023605,3,11,0,-0.8786374941610001
2023-11-17,0.368979866685794,4,11,0,-0.886721063082993
2023-11-18,0.556230352362369,5,11,0,-0.8945422369764496
2023-11-19,0.748167365078615,6,11,0,-0.9020987014301837
2023-11-20,0.817018817072467,0,11,0,-0.9093882203647925
2023-11-21,0.672425354638917,1,11,0,-0.9164086366943458
2023-11-22,0.728886877741639,2,11,0,-0.9231578729647039
2023-11-23,0.549828165763762,3,11,0,-0.9296339319682695
2023-11-24,0.485158161260437,4,11,0,-0.9358348973349941
2023-11-25,0.367529613007226,5,11,0,-0.9417589340994617
2023-11-26,0.720856159657657,6,11,0,-0.9474042892438845
2023-11-27,1.18846590285045,0,11,0,-0.9527692922168511
2023-11-28,1.01834879236524,1,11,0,-0.9578523554276669
2023-11-29,0.564544570168115,2,11,0,-0.9626519747161487
2023-11-30,0.716489001833481,3,11,0,-0.9671667297977312
2023-12-01,0.469938983525973,4,12,0,-0.97139528468375
2023-12-02,0.493582761228487,5,12,0,-0.9753363880767837
2023-12-03,0.371246270787137,6,12,0,-0.9789888737409319
2023-12-04,0.748319847265442,0,12,0,-0.9823516608469237
2023-12-05,1.66477800543529,1,12,0,-0.9854237542919524
2023-12-06,1.03432311582073,2,12,0,-0.9882042449941422
2023-12-07,0.787352331517519,3,12,0,-0.9906923101615609
2023-12-08,0.842872929917289,4,12,0,-0.9928872135356962
2023-12-09,0.736785604821072,5,12,0,-0.994788305609327
2023-12-10,1.05445336310038,6,12,0,-0.9963950238187231
2023-12-11,2.08993749049525,0,12,3,-0.9977068927101168
2023-12-12,1.47571239909614,1,12,0,-0.9987235240803972
2023-12-13,1.01669052027183,2,12,0,-0.9994446170919858
2023-12-14,0.462084032309738,3,12,0,-0.9998699583618592
2023-12-15,0.535018603362858,4,12,0,-0.9999994220246925
2023-12-16,0.326400308106816,5,12,0,-0.999832969770105
2023-12-17,0.537168125138731,6,12,0,-0.9993706508539969
2023-12-18,0.974910588698362,0,12,0,-0.9986126020839734
2023-12-19,0.804734334408252,1,12,0,-0.9975590477788613
2023-12-20,0.927585238902713,2,12,0,-0.9962102997023297
2023-12-21,0.505691505636171,3,12,0,-0.9945667569706337
2023-12-22,0.504981638967118,4,12,0,-0.9926289059345095
2023-12-23,0.290219693323954,5,12,0,-0.9903973200352558
2023-12-24,0.2255883392295,6,12,0,-0.9878726596350429
2023-12-25,0.237488704647863,0,12,1,-0.9850556718215013
2023-12-26,0.31649754805564,1,12,1,-0.981947190186646
2023-12-27,0.537638924352649,2,12,2,-0.9785481345802031
2023-12-28,0.91947163210448,3,12,0,-0.9748595108374125
2023-12-29,0.568513289041791,4,12,0,-0.9708824104813836
2023-12-30,0.366307109286888,5,12,0,-0.9666180104000972
2023-12-31,0.857810093056456,6,12,0,-0.9620675724981452
2024-01-01,1.09159870702997,0,1,1,-0.957232443323312
2024-01-02,1.20084204721709,1,1,2,-0.9521140536681102
2024-01-03,1.22153173012273,2,1,0,-0.9467139181463862
2024-01-04,0.88668784044847,3,1,0,-0.9410336347451197
2024-01-05,0.763871040839819,4,1,0,-0.9350748843515574
2024-01-06,0.456261619877566,5,1,0,-0.9288394302558068
2024-01-07,0.76352727224354,6,1,0,-0.9223291176290545
2024-01-08,0.607184690589606,0,1,0,-0.9155458729775467
2024-01-09,0.511665647926989,1,1,0,-0.9084917035725082
2024-01-10,0.572108863332405,2,1,0,-0.9011686968561569
2024-01-11,0.636408991067996,3,1,0,-0.8935790198239952
2024-01-12,0.341602763778751,4,1,0,-0.8857249183835637
2024-01-13,0.497640282049858,5,1,0,-0.8776087166898392
2024-01-14,0.407948105057558,6,1,0,-0.8692328164574792
2024-01-15,0.659702813249603,0,1,0,-0.8605996962501181
2024-01-16,0.727978844917117,1,1,0,-0.8517119107469189
2024-01-17,0.633645272455228,2,1,0,-0.8425720899866032
2024-01-18,0.81629383334114,3,1,0,-0.8331829385891785
2024-01-19,0.796223058536718,4,1,0,-0.8235472349556007
2024-01-20,0.564303619222506,5,1,0,-0.8136678304455991
2024-01-21,0.865333222986733,6,1,0,-0.8035476485339116
2024-01-22,1.41402598045071,0,1,0,-0.7931896839451843
2024-01-23,1.29122262818755,1,1,0,-0.7825970017677834
2024-01-24,1.16014514080811,2,1,0,-0.7717727365467837
2024-01-25,0.793581046333605,3,1,0,-0.7607200913564104
2024-01-26,0.784193626880022,4,1,0,-0.7494423368521953
2024-01-27,0.67198955979876,5,1,0,-0.7379428103031386
2024-01-28,0.956231175378122,6,1,0,-0.7262249146041543
2024-01-29,1.60214833050152,0,1,0,-0.7142921172691032
2024-01-30,1.00210558237445,1,1,0,-0.7021479494046978
2024-01-31,0.553837753172591,2,1,0,-0.6897960046655887
2024-02-01,0.449929637888337,3,2,0,-0.6772399381909491
2024-02-02,0.501710738900334,4,2,0,-0.6644834655228552
2024-02-03,0.46201772027372,5,2,0,-0.6515303615068021
2024-02-04,0.470008852959874,6,2,0,-0.6383844591746642
2024-02-05,0.640499510544551,0,2,0,-0.6250496486104377
2024-02-06,0.85260254044401,1,2,0,-0.6115298757991053
2024-02-07,0.599830757773701,2,2,0,-0.5978291414589552
2024-02-08,0.848654727998593,3,2,0,-0.5839514998576998
2024-02-09,0.676750797499176,4,2,0,-0.5699010576127624
2024-02-10,1.05609072391597,5,2,0,-0.5556819724760489
2024-02-11,1.02121538246701,6,2,0,-0.5412984521036173
2024-02-12,1.15186379202205,0,2,0,-0.5267547528105542
2024-02-13,1.16191847995231,1,2,0,-0.5120551783114646
2024-02-14,0.736186215465304,2,2,0,-0.4972040784469378
2024-02-15,0.768206538042884,3,2,0,-0.4822058478963526
2024-02-16,0.597344527455203,4,2,0,-0.46706492487743034
2024-02-17,0.324898482770669,5,2,0,-0.451785789832884
2024-02-18,0.826389890743979,6,2,0,-0.4363729641045924
2024-02-19,1.14999137893467,0,2,0,-0.42083100859565564
2024-02-20,1.37998596014881,1,2,0,-0.4051645224207563
2024-02-21,0.809357319228898,2,2,0,-0.3893781415452015
2024-02-22,0.590110324387898,3,2,0,-0.37347653741307074
2024-02-23,0.667779742181391,4,2,0,-0.3574644155648614
2024-02-24,0.430871938801733,5,2,0,-0.34134651424503615
2024-02-25,0.364440620188678,6,2,0,-0.3251276029999093
2024-02-26,0.452452811789134,0,2,0,-0.30881248126625377
2024-02-27,0.933171714886242,1,2,0,-0.29240597695107734
2024-02-28,0.532036766827448,2,2,0,-0.27591294500296043
2024-02-29,0.673221065478885,3,2,0,-0.2593382659754056
2024-03-01,0.702338587556742,4,3,0,-0.2426868445825954
2024-03-02,0.359133764461041,5,3,0,-0.22596360824801906
2024-03-03,0.607894392476378,6,3,0,-0.20917350564635637
2024-03-04,0.877332292633978,0,3,0,-0.19232150523909483
2024-03-05,0.719111242256205,1,3,0,-0.17541259380427843
2024-03-06,0.687686266226976,2,3,0,-0.15845177496083632
2024-03-07,0.613610039126856,3,3,0,-0.14144406768794202
2024-03-08,0.715709446712192,4,3,0,-0.12439450483979998
2024-03-09,0.317819682261323,5,3,0,-0.10730813165636247
2024-03-10,0.48016559778867,6,3,0,-0.09019000427034513
2024-03-11,1.01426829069801,0,3,0,-0.07304518821104743
2024-03-12,0.736765431974096,1,3,0,-0.05587875690537313
2024-03-13,0.946477196781722,2,3,0,-0.03869579017652689
2024-03-14,1.08834521538639,3,3,3,-0.021501372740813793
2024-03-15,0.668422083212735,4,3,0,-0.004300592702981974
2024-03-16,0.385082272431504,5,3,0,0.012901459949419653
2024-03-17,0.430680806150878,6,3,0,0.0300996948522586
2024-03-18,0.649782505977567,0,3,0,0.04728902277113235
2024-03-19,0.551221233771513,1,3,0,0.0644643571073618
2024-03-20,0.458931724722538,2,3,0,0.08162061540319052
2024-03-21,0.558933417192158,3,3,0,0.09875272084577376
2024-03-22,0.568944229472991,4,3,0,0.11585560376947848
2024-03-23,0.451134919864415,5,3,0,0.13292420315609124
2024-03-24,0.584008604826207,6,3,0,0.14995346813244534
2024-03-25,0.384682342786732,0,3,0,0.16693835946505886
2024-03-26,0.822795913410698,1,3,0,0.18387385105132759
2024-03-27,0.551403818548848,2,3,0,0.20075493140682357
2024-03-28,0.54210787427042,3,3,0,0.21757660514828173
2024-03-29,0.334806713934573,4,3,1,0.2343338944718038
2024-03-30,0.310874352459622,5,3,2,0.2510218406258827
2024-03-31,0.282370907839733,6,3,0,0.26763550537876646
2024-04-01,0.384224683727399,0,4,1,0.2841699724797683
2024-04-02,1.15472062164142,1,4,2,0.3006203491140572
2024-04-03,1.13720404907026,2,4,0,0.31698176735052785
2024-04-04,0.906248167968102,3,4,0,0.333249385582294
2024-04-05,1.42182355452547,4,4,3,0.34941838995939767
2024-04-06,0.702764149034042,5,4,0,0.3654839958133118
2024-04-07,0.843740097423274,6,4,0,0.3814414490727919
2024-04-08,1.15144730491065,0,4,0,0.3972860276706894
2024-04-09,1.06615978936301,1,4,0,0.4130130429412807
2024-04-10,0.748933223653044,2,4,0,0.42861784100772643
2024-04-11,0.75770470726854,3,4,0,0.4440958041592176
2024-04-12,0.638162790971343,4,4,0,0.459442352217446
2024-04-13,0.553973864172319,5,4,0,0.47465294389193496
2024-04-14,0.459607811678922,6,4,0,0.48972307812389554
2024-04-15,0.839181683916408,0,4,0,0.5046482954181526
2024-04-16,0.920316295713532,1,4,0,0.5194241791627843
2024-04-17,0.922707096663734,2,4,0,0.5340463569360717
2024-04-18,0.493987016830498,3,4,0,0.5485105018003605
2024-04-19,0.477990602532768,4,4,0,0.5628123335824821
2024-04-20,0.369825131591774,5,4,0,0.576947620140316
2024-04-21,0.654462257555628,6,4,0,0.5909121786151564
2024-04-22,1.04419859443581,0,4,0,0.6047018766694813
2024-04-23,0.874885955488847,1,4,0,0.6183126337097825
2024-04-24,0.882159312377832,2,4,0,0.6317404220940747
2024-04-25,0.545380374754598,3,4,0,0.6449812683237445
2024-04-26,0.692091608433379,4,4,0,0.6580312542193658
2024-04-27,0.800415781253325,5,4,0,0.6708865180801582
2024-04-28,0.715802901595101,6,4,0,0.683543255826725
2024-04-29,1.04434287026951,0,4,0,0.6959977221267386
2024-04-30,1.02004207000482,1,4,0,0.7082462315032488
2024-05-01,0.903693498601294,2,5,0,0.7202851594252705
2024-05-02,0.428387998721263,3,5,0,0.7321109433803457
2024-05-03,0.596065179933605,4,5,0,0.7437200839287408
2024-05-04,0.260246214548849,5,5,0,0.7551091457389965
2024-05-05,0.371250252212061,6,5,0,0.7662747586044899
2024-05-06,0.349460285585031,0,5,1,0.7772136184407363
2024-05-07,0.808152429960631,1,5,2,0.7879224882631226
2024-05-08,0.986680389851089,2,5,0,0.7983981991447763
2024-05-09,0.972842001398238,3,5,0,0.8086376511543127
2024-05-10,0.608275802675037,4,5,0,0.8186378142731427
2024-05-11,0.245488343063695,5,5,0,0.8283957292921139
2024-05-12,0.517285279322513,6,5,0,0.8379085086871813
2024-05-13,0.52502077662882,0,5,0,0.847173337473877
2024-05-14,0.526057596947219,1,5,0,0.8561874740403054
2024-05-15,0.495498272687149,2,5,0,0.8649482509584342
2024-05-16,0.512958948167685,3,5,0,0.8734530757734247
2024-05-17,0.59112155844876,4,5,0,0.8816994317707848
2024-05-18,0.292582899389555,5,5,0,0.8896848787211044
2024-05-19,0.370705218932332,6,5,0,0.8974070536021568
2024-05-20,0.860490761054207,0,5,0,0.9048636712981575
2024-05-21,0.991210643667865,1,5,0,0.912052525275964
2024-05-22,0.605956598453808,2,5,0,0.9189714882380281
2024-05-23,0.570441524134733,3,5,0,0.9256185127518922
2024-05-24,0.422664118966155,4,5,0,0.9319916318560635
2024-05-25,0.533171644043444,5,5,0,0.9380889596420647
2024-05-26,0.493377050652941,6,5,0,0.9439086918125081
2024-05-27,0.481006095239026,0,5,1,0.9494491062150135
2024-05-28,0.692485107516009,1,5,2,0.9547085633518225
2024-05-29,0.814513381596611,2,5,0,0.9596855068649522
2024-05-30,0.604493156120279,3,5,0,0.9643784639967451
2024-05-31,0.568102046698004,4,5,0,0.968786046025684
2024-06-01,0.471888227791815,5,6,0,0.9729069486773348
2024-06-02,0.597104338270489,6,6,0,0.9767399525103048
2024-06-03,1.00805502446073,0,6,0,0.9802839232770918
2024-06-04,1.11541124571772,1,6,0,0.9835378122597296
2024-06-05,1.30951701719571,2,6,3,0.9865006565801178
2024-06-06,0.59847910955182,3,6,0,0.9891715794849547
2024-06-07,0.617811507855947,4,6,0,0.9915497906051816
2024-06-08,0.441491267040648,5,6,0,0.993634586189866
2024-06-09,0.622387753888925,6,6,0,0.9954253493144537
2024-06-10,0.840157649050107,0,6,0,0.9969215500633253
2024-06-11,0.470708476893571,1,6,0,0.9981227456866077
2024-06-12,0.486143207635872,2,6,0,0.9990285807311906
2024-06-13,0.787819092109622,3,6,0,0.9996387871459109
2024-06-14,0.38495630053533,4,6,0,0.999953184360873
2024-06-15,0.170042071081231,5,6,0,0.999971679340883
2024-06-16,0.401713123652074,6,6,0,0.9996942666129788
2024-06-17,0.728477700697267,0,6,0,0.9991210282680496
2024-06-18,0.838563395797036,1,6,0,0.9982521339365441
2024-06-19,0.392632562583581,2,6,0,0.9970878407382744
2024-06-20,0.305404967827933,3,6,0,0.9956284932063294
2024-06-21,0.387833093096501,4,6,0,0.9938745231851225
2024-06-22,0.528124538885079,5,6,0,0.9918264497026016
2024-06-23,0.67249830202865,6,6,0,0.9894848788166606
2024-06-24,0.699502135204712,0,6,0,0.9868505034357966
2024-06-25,0.732721788383723,1,6,0,0.9839241031140683
2024-06-26,0.641012671401533,2,6,0,0.9807065438204117
2024-06-27,0.406478852485355,3,6,0,0.9771987776823877
2024-06-28,0.309789506098254,4,6,0,0.973401842704431
2024-06-29,0.236954907621929,5,6,0,0.9693168624606878
2024-06-30,0.226437190506324,6,6,0,0.9649450457625344
2024-07-01,0.218026636190208,0,7,0,0.9602876863008663
2024-07-02,0.432022322312632,1,7,0,0.9553461622632788
2024-07-03,0.567838900020066,2,7,0,0.9501219359262361
2024-07-04,0.460390141652125,3,7,0,0.9446165532223606
2024-07-05,0.262326656961139,4,7,0,0.9388316432829672
2024-07-06,0.264184515609793,5,7,0,0.9327689179559782
2024-07-07,0.374219804240646,6,7,0,0.9264301712993565
2024-07-08,0.33587282456185,0,7,0,0.9198172790502196
2024-07-09,0.44220848633984,1,7,0,0.9129321980697749
2024-07-10,0.310581045732685,2,7,0,0.9057769657642539
2024-07-11,0.297073224327734,3,7,0,0.8983536994820138
2024-07-12,0.425966177181705,4,7,0,0.8906645958869751
2024-07-13,0.43439511071303,5,7,0,0.8827119303085995
2024-07-14,0.365567640538711,6,7,0,0.8744980560685747
2024-07-15,0.501705674366442,0,7,0,0.8660254037844392
2024-07-16,0.630737958898311,1,7,0,0.8572964806503138
2024-07-17,0.524761401788263,2,7,0,0.848313869694991
2024-07-18,0.574601351536107,3,7,0,0.8390802290175676
2024-07-19,0.593305184494223,4,7,0,0.8295982910008742
2024-07-20,0.551263868532561,5,7,0,0.8198708615029215
2024-07-21,0.923567556195153,6,7,0,0.8099008190265954
2024-07-22,1.14831956462851,0,7,0,0.799691113867869
2024-07-23,0.941240428544929,1,7,0,0.7892447672427563
2024-07-24,0.743205989420332,2,7,0,0.7785648703932891
2024-07-25,0.387913748023449,3,7,0,0.7676545836727673
2024-07-26,0.274785862485557,4,7,0,0.756517135610563
2024-07-27,0.231275328090793,5,7,0,0.7451558219567401
2024-07-28,0.152920094934646,6,7,0,0.733574004706797
2024-07-29,0.397010639556161,0,7,0,0.7217751111067903
2024-07-30,0.354761199833566,1,7,0,0.709762632639161
2024-07-31,0.29032966314831,2,7,0,0.6975401239895522
2024-08-01,0.280828278300026,3,8,0,0.6851112019949135
2024-08-02,0.444054990805028,4,8,0,0.6724795445732252
2024-08-03,0.494419319159931,5,8,0,0.6596488896351408
2024-08-04,0.261897119581239,6,8,0,0.6466230339778846
2024-08-05,1.26739656381015,0,8,0,0.6334058321617086
2024-08-06,0.916170494485563,1,8,0,0.6200011953692776
2024-08-07,0.483947733528093,2,8,0,0.6064130902482765
2024-08-08,0.340745971482515,3,8,0,0.5926455377376226
2024-08-09,0.594782374507425,4,8,0,0.578702611877601
2024-08-10,0.355927090758366,5,8,0,0.5645884386042949
2024-08-11,0.197204922635095,6,8,0,0.5503071945286527
2024-08-12,0.402989178567397,0,8,0,0.5358631057005582
2024-08-13,0.507236594654806,1,8,0,0.5212604463582784
2024-08-14,0.580132661212042,2,8,0,0.5065035376636455
2024-08-15,0.300151050165369,3,8,0,0.4915967464233612
2024-08-16,0.313528556829959,4,8,0,0.47654448379677755
2024-08-17,0.223001149452582,5,8,0,0.461351203990578
2024-08-18,0.356232047399687,6,8,0,0.44602140294068743
2024-08-19,0.339916215692287,0,8,0,0.4305596169818739
2024-08-20,0.479908354537208,1,8,0,0.4149704215053556
2024-08-21,0.303946835665099,2,8,0,0.3992584296048835
2024-08-22,0.293660896730953,3,8,0,0.3834282907116408
2024-08-23,0.324549204481598,4,8,0,0.3674846892184069
2024-08-24,0.312359109488857,5,8,0,0.35143234309337473
2024-08-25,0.373231073363422,6,8,0,0.3352760024840169
2024-08-26,0.437206415586001,0,8,1,0.3190204483114535
2024-08-27,0.308748994692673,1,8,2,0.30267049085568926
2024-08-28,0.678458883341266,2,8,0,0.2862309683321809
2024-08-29,0.479485393138036,3,8,0,0.2697067454601279
2024-08-30,0.342886101739736,4,8,0,0.2531027120229306
2024-08-31,0.319365405754053,5,8,0,0.23642378142121298
2024-09-01,0.49277338887349,6,9,0,0.21967488921888165
2024-09-02,0.638248126589543,0,9,0,0.20286099168260133
2024-09-03,0.528874024427059,1,9,0,0.18598706431516085
2024-09-04,0.589551151673351,2,9,0,0.16905810038314714
2024-09-05,0.605661856522261,3,9,0,0.15207910943934674
2024-09-06,0.515009312072506,4,9,0,0.13505511584034569
2024-09-07,0.484310097634722,5,9,0,0.1179911572597378
2024-09-08,0.810394379124761,6,9,0,0.10089228319740334
2024-09-09,0.640846551291619,0,9,0,0.08376355348526826
2024-09-10,0.713763462776103,1,9,0,0.06661003679003268
2024-09-11,0.614519606605851,2,9,0,0.04943680911325847
2024-09-12,0.699158079271946,3,9,0,0.0322489522893041
2024-09-13,0.713689639498845,4,9,0,0.015051552481533344
2024-09-14,0.45821955003284,5,9,0,-0.0021503013227746654
2024-09-15,0.422793205378127,6,9,0,-0.01935151881832447
2024-09-16,0.871235957103465,0,9,0,-0.03654700988811993
2024-09-17,0.729855300640025,1,9,0,-0.05373168610970464
2024-09-18,0.813428857496526,2,9,0,-0.07090046226091157
2024-09-19,0.697478717001001,3,9,0,-0.08804825782465496
2024-09-20,0.549567941550404,4,9,0,-0.10516999849234956
2024-09-21,0.596315765216247,5,9,0,-0.12226061766546593
2024-09-22,0.657325223930514,6,9,0,-0.1393150579548309
2024-09-23,1.32220798579623,0,9,0,-0.15632827267718502
2024-09-24,0.931286915965374,1,9,0,-0.17329522734857217
2024-09-25,0.997442174406186,2,9,0,-0.19021090117413475
2024-09-26,1.38342594770654,3,9,3,-0.20707028853384077
2024-09-27,0.957796579111876,4,9,0,-0.22386840046373077
2024-09-28,0.614855256208506,5,9,0,-0.2406002661322256
2024-09-29,0.994008865380841,6,9,0,-0.25726093431108754
2024-09-30,1.29197432024721,0,9,0,-0.2738454748405547
2024-10-01,1.49003709656364,1,10,0,-0.2903489800882665
2024-10-02,1.02302397025994,2,10,0,-0.30676656640150596
2024-10-03,0.501417803083227,3,10,0,-0.3230933755523461
2024-10-04,0.788201330188047,4,10,0,-0.3393245761752893
2024-10-05,0.485456022869348,5,10,0,-0.35545536519693316
2024-10-06,0.575123627882468,6,10,0,-0.37148096925728835
2024-10-07,0.813986305667313,0,10,0,-0.38739664612228614
2024-10-08,0.753076989125889,1,10,0,-0.40319768608708534
2024-10-09,0.969968118900444,2,10,0,-0.4188794133697427
2024-10-10,1.00623601534654,3,10,0,-0.4344371874948622
2024-10-11,0.726817089068061,4,10,0,-0.4498664046667798
2024-10-12,0.624340313116146,5,10,0,-0.46516249913190355
2024-10-13,0.82815667979484,6,10,0,-0.48032094452978913
2024-10-14,1.01921532243584,0,10,0,-0.49533725523256594
2024-10-15,0.970155581359819,1,10,0,-0.5102069876723092
2024-10-16,0.65560054312651,2,10,0,-0.5249257416559593
2024-10-17,1.2015338542041,3,10,0,-0.5394891616674117
2024-10-18,0.938785146428337,4,10,0,-0.5538929381563792
2024-10-19,1.15291083474576,5,10,0,-0.5681328088136672
2024-10-20,1.25690763981732,6,10,0,-0.5822045598324478
2024-10-21,1.08140761026311,0,10,0,-0.5961040271552034
2024-10-22,1.02680531655056,1,10,0,-0.6098270977059321
2024-10-23,1.00169653003563,2,10,0,-0.6233697106072765
2024-10-24,0.712518637942361,3,10,0,-0.6367278583821979
2024-10-25,0.586518573295942,4,10,0,-0.6498975881398565
2024-10-26,0.33167982666079,5,10,0,-0.6628750027453377
2024-10-27,0.536547377990755,6,10,0,-0.6756562619728733
2024-10-28,0.992603901611706,0,10,0,-0.6882375836422284
2024-10-29,1.10003950714731,1,10,0,-0.7006152447379046
2024-10-30,1.03780519774757,2,10,0,-0.7127855825108473
2024-10-31,1.13916642578834,3,10,0,-0.7247449955623079
2024-11-01,0.685146954219665,4,11,0,-0.736489944909557
2024-11-02,0.436425443631997,5,11,0,-0.7480169550331222
2024-11-03,0.657123472716033,6,11,0,-0.7593226149052588
2024-11-04,0.799767400096756,0,11,0,-0.7704035789993177
2024-11-05,0.616337429162865,1,11,0,-0.7812565682797488
2024-11-06,0.741133902822174,2,11,0,-0.7918783711724176
2024-11-07,0.85320087175131,3,11,0,-0.8022658445149573
2024-11-08,0.58026836955475,4,11,0,-0.81241591448689
2024-11-09,0.582941674760297,5,11,0,-0.8223255775192096
2024-11-10,0.508785593493671,6,11,0,-0.831991901183195
2024-11-11,1.00715177569806,0,11,0,-0.8414120250581577
2024-11-12,1.35813967085015,1,11,0,-0.8505831615778889
2024-11-13,0.710263400457538,2,11,0,-0.8595025968555411
2024-11-14,0.61474929232799,3,11,0,-0.8681676914867166
2024-11-15,0.909540201234779,4,11,0,-0.876575881330507
2024-11-16,0.610388377755286,5,11,0,-0.8847246782682611
2024-11-17,0.553625035041785,6,11,0,-0.8926116709398649
2024-11-18,1.14411993333505,0,11,0,-0.9002345254572961
2024-11-19,1.09445080842545,1,11,0,-0.9075909860952637
2024-11-20,1.40606784127764,2,11,0,-0.9146788759587107
2024-11-21,0.875426968452119,3,11,0,-0.9214960976269942
2024-11-22,0.902601408353126,4,11,0,-0.9280406337745426
2024-11-23,0.767428731833045,5,11,0,-0.9343105477678196
2024-11-24,1.84737543917736,6,11,3,-0.9403039842384003
2024-11-25,2.15944539762044,0,11,3,-0.9460191696320084
2024-11-26,1.60648083474151,1,11,0,-0.9514544127333381
2024-11-27,1.47793047474602,2,11,0,-0.9566081051665098
2024-11-28,0.739837390137271,3,11,0,-0.9614787218710188
2024-11-29,0.920861338508931,4,11,0,-0.9660648215530205
2024-11-30,0.964928019127888,5,11,0,-0.9703650471118362
2024-12-01,1.07159143650039,6,12,0,-0.9743781260415392
2024-12-02,1.95464528812839,0,12,3,-0.9781028708075101
2024-12-03,1.88115633764494,1,12,0,-0.9815381791978468
2024-12-04,1.14254560492259,2,12,0,-0.984683034649528
2024-12-05,1.1175239991892,3,12,0,-0.9875365065492301
2024-12-06,0.770001587065145,4,12,0,-0.9900977505087093
2024-12-07,0.828017908764827,5,12,0,-0.9923660086146721
2024-12-08,0.883047214936047,6,12,0,-0.9943406096530518
2024-12-09,0.916555298070055,0,12,0,-0.9960209693076331
2024-12-10,0.630854630578642,1,12,0,-0.9974065903329596
2024-12-11,1.06948864522411,2,12,0,-0.9984970627014779
2024-12-12,0.905673328736564,3,12,0,-0.9992920637248696
2024-12-13,0.698503423250768,4,12,0,-0.9997913581495419
2024-12-14,0.72669396354236,5,12,0,-0.9999947982262414
2024-12-15,0.82304311065551,6,12,0,-0.9999023237537765
2024-12-16,1.31212114697338,0,12,0,-0.9995139620968313
2024-12-17,0.837051056864834,1,12,0,-0.9988298281778684
2024-12-18,1.29072598635937,2,12,0,-0.9978501244431208
2024-12-19,1.17108317107606,3,12,0,-0.996575140802686
2024-12-20,1.24980829814616,4,12,0,-0.9950052545447352
2024-12-21,0.846086764633833,5,12,0,-0.9931409302238695
2024-12-22,0.776831797294877,6,12,0,-0.9909827195236492
2024-12-23,1.42432571321228,0,12,0,-0.9885312610933433
2024-12-24,0.748640669728524,1,12,0,-0.9857872803589411
2024-12-25,0.254781627982112,2,12,1,-0.9827515893084885
2024-12-26,0.426873012648854,3,12,1,-0.9794250862518065
2024-12-27,0.794449989160057,4,12,2,-0.9758087555546684
2024-12-28,1.11192725039231,5,12,0,-0.9719036673475081
2024-12-29,1.42296853049794,6,12,0,-0.9677109772087535
2024-12-30,1.26908170379587,0,12,0,-0.9632319258228705
2024-12-31,1.76365366063325,1,12,0,-0.9584678386132249
2025-01-01,1.16128920243667,2,1,1,-0.953420125349868
2025-01-02,0.883413028007668,3,1,2,-0.9480902797323661
2025-01-03,1.46717038676769,4,1,0,-0.9424798789477857
2025-01-04,1.17260793838248,5,1,0,-0.936590583203982
2025-01-05,1.56914849322775,6,1,0,-0.9304241352383129
2025-01-06,1.40036993781099,0,1,0,-0.9239823598019431
2025-01-07,2.17354479472523,1,1,3,-0.9172671631198612
2025-01-08,1.62180213618756,2,1,0,-0.9102805323268018
2025-01-09,1.25296057454126,3,1,0,-0.9030245348792221
2025-01-10,0.665118832734618,4,1,0,-0.895501317943504
2025-01-11,1.0303888140116,5,1,0,-0.8877131077605754
2025-01-12,0.98236202849976,6,1,0,-0.8796622089871292
2025-01-13,1.34870633662448,0,1,0,-0.8713510040136405
2025-01-14,1.19911413608532,1,1,0,-0.8627819522593745
2025-01-15,1.47944123172399,2,1,0,-0.8539575894446081
2025-01-16,1.70652251013654,3,1,3,-0.8448805268402667
2025-01-17,1.28245080037302,4,1,0,-0.8355534504952145
2025-01-18,0.502149079538246,5,1,0,-0.8259791204413983
2025-01-19,0.896322782123164,6,1,0,-0.8161603698771164
2025-01-20,1.05363757679788,0,1,0,-0.8061001043286311
2025-01-21,1.20211519394121,1,1,0,-0.7958013007903715
2025-01-22,1.46357589935757,2,1,0,-0.7852670068439961
2025-01-23,1.25862262244267,3,1,0,-0.7745003397565632
2025-01-24,1.05525787146575,4,1,0,-0.7635044855580851
2025-01-25,0.874273484270464,5,1,0,-0.7522826980987245
2025-01-26,0.646194434653183,6,1,0,-0.7408382980859317
2025-01-27,0.829511242255884,0,1,0,-0.7291746721017919
2025-01-28,0.983299307421768,1,1,0,-0.717295271600886
2025-01-29,1.31366393366587,2,1,0,-0.7052036118889422
2025-01-30,1.19900997320497,3,1,0,-0.6929032710826029
2025-01-31,2.17851224447806,4,1,3,-0.6803978890506109
2025-02-01,1.1855034919574,5,2,0,-0.6676911663366996
2025-02-02,1.56898927356517,6,2,0,-0.6547868630645511
2025-02-03,1.08463620828078,0,2,0,-0.641688797825113
2025-02-04,1.58807867810769,1,2,0,-0.6284008465466198
2025-02-05,1.2271411880195,2,2,0,-0.6149269413476359
2025-02-06,0.763082142604817,3,2,0,-0.6012710693734842
2025-02-07,1.23874385471229,4,2,0,-0.587437271616382
2025-02-08,0.718279048540612,5,2,0,-0.5734296417196532
2025-02-09,1.17597504464206,6,2,0,-0.5592523247663437
2025-02-10,1.72234398175319,0,2,0,-0.544909516052628
2025-02-11,1.52310761538531,1,2,0,-0.5304054598463659
2025-02-12,1.17365239242104,2,2,0,-0.5157444481311303
2025-02-13,0.839406113008608,3,2,0,-0.5009308193361626
2025-02-14,1.16561533752254,4,2,0,-0.48596895705254817
2025-02-15,1.00284651271549,5,2,0,-0.4708632887360563
2025-02-16,1.6839894528012,6,2,3,-0.4556182843969656
2025-02-17,1.90310977144014,0,2,0,-0.4402384552773285
2025-02-18,2.20391320609805,1,2,3,-0.4247283525160176
2025-02-19,1.14502156677711,2,2,0,-0.40909256580197667
2025-02-20,1.21432994618302,3,2,0,-0.39333572201604844
2025-02-21,1.21061994714655,4,2,0,-0.3774624838618108
2025-02-22,1.14737078268593,5,2,0,-0.36147754848581265
2025-02-23,1.19111658375736,6,2,0,-0.345385646087603
2025-02-24,1.07889762601271,0,2,0,-0.3291915385199954
2025-02-25,1.90969714564075,1,2,0,-0.3129000178799537
2025-02-26,1.61948211343762,2,2,0,-0.2965159050905475
2025-02-27,1.38210071774377,3,2,0,-0.2800440484743445
2025-02-28,0.861302872664311,4,2,0,-0.26348932231871736
2025-03-01,0.390511443976301,5,3,0,-0.2468566254334839
2025-03-02,0.651544316271364,6,3,0,-0.23015087970124354
2025-03-03,0.922894296134159,0,3,0,-0.21337702862092797
2025-03-04,1.52356262424916,1,3,0,-0.19654003584493543
2025-03-05,1.10415343640615,2,3,0,-0.179644883710313
2025-03-06,0.623311405733586,3,3,0,-0.16269657176439242
2025-03-07,0.571880925267062,4,3,0,-0.14570011528535065
2025-03-08,0.420291461500737,5,3,0,-0.1286605437981047
2025-03-09,0.566303138919253,6,3,0,-0.11158289958600157
2025-03-10,1.05714618386951,0,3,0,-0.0944722361987147
2025-03-11,0.693984981650321,1,3,0,-0.07733361695682096
2025-03-12,1.0072654578398,2,3,0,-0.06017211345349499
2025-03-13,0.710004785050353,3,3,0,-0.04299280405372191
2025-03-14,0.88006782127988,4,3,0,-0.02580077239154163
2025-03-15,0.652266563714005,5,3,0,-0.008601105865714402
2025-03-16,0.519797808769436,6,3,0,0.0086011058657152
2025-03-17,0.976296681257141,0,3,0,0.02580077239154065
2025-03-18,0.896102172330549,1,3,0,0.04299280405372093
2025-03-19,0.812353246303849,2,3,0,0.06017211345349579
2025-03-20,0.586389439393302,3,3,0,0.07733361695682177
2025-03-21,0.789182386826731,4,3,0,0.09447223619871195
2025-03-22,0.510296029427793,5,3,0,0.1115828995860006
2025-03-23,0.929968771226345,6,3,0,0.12866054379810374
2025-03-24,0.817050901720031,0,3,0,0.1457001152853479
2025-03-25,0.961574472324867,1,3,0,0.1626965717643897
2025-03-26,0.685960563626499,2,3,0,0.17964488371031379
2025-03-27,0.847251680570904,3,3,0,0.1965400358449362
2025-03-28,0.838661239934857,4,3,0,0.213377028620927
2025-03-29,0.67709542058266,5,3,0,0.2301508797012426
2025-03-30,0.51327202051403,6,3,0,0.2468566254334847
2025-03-31,0.820708990887475,0,3,0,0.26348932231871813
2025-04-01,0.863399837209102,1,4,0,0.28004404847434183
2025-04-02,0.691439968717379,2,4,0,0.29651590509054826
2025-04-03,0.776003259154194,3,4,0,0.3129000178799544
2025-04-04,0.610966801613412,4,4,0,0.3291915385199928
2025-04-05,0.752547352517483,5,4,0,0.3453856460876004
2025-04-06,0.708239242296184,6,4,0,0.36147754848581176
2025-04-07,0.879502009268872,0,4,0,0.3774624838618099
2025-04-08,1.32523781847614,1,4,0,0.39333572201604594
2025-04-09,1.40580703152983,2,4,0,0.4090925658019742
2025-04-10,0.797686853134099,3,4,0,0.4247283525160183
2025-04-11,0.635539704836116,4,4,0,0.4402384552773277
2025-04-12,0.746110382392601,5,4,0,0.4556182843969648
2025-04-13,0.868822136583075,6,4,0,0.47086328873605704
2025-04-14,1.26673078344271,0,4,0,0.48596895705254883
2025-04-15,1.14195196052719,1,4,0,0.5009308193361601
2025-04-16,0.922985248415693,2,4,0,0.515744448131128
2025-04-17,0.895018768186159,3,4,0,0.530405459846365
2025-04-18,0.447894071155475,4,4,1,0.5449095160526287
2025-04-19,0.353828861718023,5,4,2,0.5592523247663413
2025-04-20,0.351972530595389,6,4,0,0.5734296417196509
2025-04-21,0.492589610841236,0,4,1,0.5874372716163813
2025-04-22,0.909719034169751,1,4,2,0.601271069373482
2025-04-23,1.19371891528113,2,4,0,0.6149269413476337
2025-04-24,0.55216931375032,3,4,0,0.6284008465466204
2025-04-25,0.642541346926457,4,4,0,0.6416887978251137
2025-04-26,0.689772685277974,5,4,0,0.6547868630645504
2025-04-27,0.553325941109169,6,4,0,0.6676911663366988
2025-04-28,1.22119990379872,0,4,0,0.6803978890506115
2025-04-29,0.77716273847284,1,4,0,0.6929032710826034
2025-04-30,0.75442405933173,2,4,0,0.7052036118889403
2025-05-01,0.593151757808654,3,5,0,0.7172952716008841
2025-05-02,0.372721392820016,4,5,0,0.7291746721017912
2025-05-03,0.418388498651012,5,5,0,0.7408382980859298
2025-05-04,0.43009161469673,6,5,0,0.7522826980987227
2025-05-05,0.400228926497842,0,5,1,0.7635044855580857
2025-05-06,0.690484983586264,1,5,2,0.7745003397565637
2025-05-07,0.71480420483968,2,5,0,0.7852670068439955
2025-05-08,0.519439740044983,3,5,0,0.7958013007903698
2025-05-09,0.657679013291952,4,5,0,0.8061001043286317
2025-05-10,0.608070551406248,5,5,0,0.8161603698771169
2025-05-11,0.766081700606365,6,5,0,0.8259791204413979
2025-05-12,0.788734962653387,0,5,0,0.8355534504952139
2025-05-13,0.82603008593189,1,5,0,0.844880526840267
2025-05-14,0.661961645091195,2,5,0,0.8539575894446066
2025-05-15,0.453637350960689,3,5,0,0.862781952259373
2025-05-16,0.388288421837004,4,5,0,0.87135100401364
2025-05-17,0.378368200321485,5,5,0,0.8796622089871288
2025-05-18,0.504433559888163,6,5,0,0.8877131077605742
2025-05-19,0.719396606054645,0,5,0,0.8955013179435027
2025-05-20,0.895812369159466,1,5,0,0.9030245348792224
2025-05-21,0.552812096027405,2,5,0,0.9102805323268022
2025-05-22,0.630181982862279,3,5,0,0.9172671631198608
2025-05-23,0.444373450642386,4,5,0,0.9239823598019428
2025-05-24,0.369349086876355,5,5,0,0.9304241352383132
2025-05-25,0.193265202011867,6,5,0,0.936590583203981
2025-05-26,0.320404959585786,0,5,1,0.9424798789477854
2025-05-27,0.548163420138342,1,5,2,0.9480902797323665
2025-05-28,0.600320340724978,2,5,0,0.9534201253498682
2025-05-29,0.455496186420114,3,5,0,0.9584678386132242
2025-05-30,0.795668537271672,4,5,0,0.9632319258228698
2025-05-31,0.568039609819824,5,5,0,0.9677109772087533
2025-06-01,0.442324552389213,6,6,0,0.9719036673475078
2025-06-02,0.962194102319518,0,6,0,0.9758087555546677
2025-06-03,0.934775978188355,1,6,0,0.9794250862518059
2025-06-04,0.641322607414377,2,6,0,0.9827515893084883
2025-06-05,0.418447990865884,3,6,0,0.9857872803589409
2025-06-06,0.405253914890219,4,6,0,0.9885312610933431
2025-06-07,0.357143724773718,5,6,0,0.9909827195236494
2025-06-08,0.374834103297893,6,6,0,0.9931409302238694
2025-06-09,0.439653186019161,0,6,0,0.9950052545447351
2025-06-10,0.419948431830197,1,6,0,0.9965751408026858
2025-06-11,0.283471653985072,2,6,0,0.9978501244431209
2025-06-12,0.345903249155168,3,6,0,0.9988298281778684
2025-06-13,0.28799110507562,4,6,0,0.9995139620968313
2025-06-14,0.336286440288196,5,6,0,0.9999023237537764
2025-06-15,0.362483653232386,6,6,0,0.9999947982262414
2025-06-16,0.66775029963462,0,6,0,0.9997913581495419
2025-06-17,0.457293831815015,1,6,0,0.9992920637248697
2025-06-18,0.510922032713959,2,6,0,0.9984970627014779
2025-06-19,0.275767071082885,3,6,0,0.9974065903329598
2025-06-20,0.472444478751596,4,6,0,0.9960209693076331
2025-06-21,0.590069534725147,5,6,0,0.9943406096530519
2025-06-22,0.849149435013398,6,6,0,0.992366008614672
2025-06-23,0.691647962602993,0,6,0,0.9900977505087094
2025-06-24,0.691481380484001,1,6,0,0.9875365065492302
2025-06-25,0.296100203113609,2,6,0,0.9846830346495282
2025-06-26,0.425500438058482,3,6,0,0.981538179197847
2025-06-27,0.29456012450387,4,6,0,0.9781028708075103
2025-06-28,0.275570481835978,5,6,0,0.9743781260415398
2025-06-29,0.301710700283134,6,6,0,0.970365047111836
2025-06-30,0.469873391486746,0,6,0,0.9660648215530208
2025-07-01,0.56545068256555,1,7,0,0.9614787218710191
2025-07-02,0.5075481343891,2,7,0,0.9566081051665106
2025-07-03,0.575887266731897,3,7,0,0.9514544127333379
2025-07-04,0.629137605696464,4,7,0,0.9460191696320087
2025-07-05,0.411558162650374,5,7,0,0.9403039842384007
2025-07-06,0.26830474577492,6,7,0,0.9343105477678194
2025-07-07,0.791789769274812,0,7,0,0.9280406337745429
2025-07-08,0.570287934978547,1,7,0,0.9214960976269946
2025-07-09,0.492116268485366,2,7,0,0.9146788759587118
2025-07-10,0.436573136845743,3,7,0,0.907590986095264
2025-07-11,0.66334478211754,4,7,0,0.9002345254572965
2025-07-12,0.319255244176183,5,7,0,0.8926116709398654
2025-07-13,0.652018574656573,6,7,0,0.8847246782682624
2025-07-14,0.970015323339931,0,7,0,0.8765758813305067
2025-07-15,0.706562276725177,1,7,0,0.868167691486717
2025-07-16,0.662293570266327,2,7,0,0.8595025968555415
2025-07-17,0.618327406512876,3,7,0,0.8505831615778885
2025-07-18,0.538268116408213,4,7,0,0.8414120250581583
2025-07-19,0.30076617854704,5,7,0,0.8319919011831955
2025-07-20,0.318156029424611,6,7,0,0.8223255775192102
2025-07-21,0.739611318969171,0,7,0,0.8124159144868894
2025-07-22,0.433994370298258,1,7,0,0.802265844514958
2025-07-23,0.309284153144214,2,7,0,0.7918783711724181
2025-07-24,0.200592196322376,3,7,0,0.7812565682797504
2025-07-25,0.339957885840472,4,7,0,0.7704035789993182
2025-07-26,0.171559442129876,5,7,0,0.7593226149052594
2025-07-27,0.199674110648044,6,7,0,0.748016955033124
2025-07-28,0.257251978657799,0,7,0,0.7364899449095564
2025-07-29,0.222493141208795,1,7,0,0.7247449955623085
2025-07-30,0.15737834522407,2,7,0,0.712785582510848
2025-07-31,0.209114414172148,3,7,0,0.7006152447379053
2025-08-01,0.232345985255995,4,8,0,0.6882375836422279
2025-08-02,0.306650434770571,5,8,0,0.675656261972874
2025-08-03,0.278702644184236,6,8,0,0.6628750027453385
2025-08-04,0.476076441476186,0,8,0,0.6498975881398573
2025-08-05,0.485973224859408,1,8,0,0.6367278583821974
2025-08-06,0.367484600614141,2,8,0,0.6233697106072773
2025-08-07,0.505524868653124,3,8,0,0.6098270977059344
2025-08-08,0.281982355561752,4,8,0,0.5961040271552042
2025-08-09,0.276703320977759,5,8,0,0.5822045598324487
2025-08-10,0.318927425218211,6,8,0,0.568132808813668
2025-08-11,0.638444902425204,0,8,0,0.5538929381563814
2025-08-12,0.622828705367319,1,8,0,0.539489161667411
2025-08-13,0.516780347186805,2,8,0,0.5249257416559601
2025-08-14,0.643482459564931,3,8,0,0.5102069876723101
2025-08-15,0.426201686945272,4,8,0,0.4953372552325668
2025-08-16,0.245707958456175,5,8,0,0.48032094452978846
2025-08-17,0.326800144527621,6,8,0,0.4651624991319044
2025-08-18,0.454273312459968,0,8,0,0.44986640466678224
2025-08-19,0.559078576458788,1,8,0,0.4344371874948631
2025-08-20,0.543991456212149,2,8,0,0.4188794133697436
2025-08-21,0.563755690585592,3,8,0,0.4031976860870862
2025-08-22,0.336397621229022,4,8,0,0.3873966461222887
2025-08-23,0.454425014551715,5,8,0,0.37148096925728924
2025-08-24,0.353125923785798,6,8,0,0.3554553651969341
2025-08-25,0.741496048580319,0,8,1,0.33932457617529027
2025-08-26,0.985921961023775,1,8,2,0.3230933755523487
2025-08-27,0.849938475444844,2,8,0,0.30676656640150524
2025-08-28,1.15914447488168,3,8,0,0.2903489800882674
2025-08-29,0.910200899041912,4,8,0,0.27384547484055566
2025-08-30,0.542595903874372,5,8,0,0.25726093431108676
2025-08-31,0.639993976858577,6,8,0,0.24060026613222654
2025-09-01,0.623474353020507,0,9,0,0.22386840046373174
2025-09-02,0.581752105177687,1,9,0,0.20707028853384346
2025-09-03,0.490404852024409,2,9,0,0.19021090117413572
2025-09-04,0.528204124131673,3,9,0,0.17329522734857314
2025-09-05,0.308821672841515,4,9,0,0.156328272677186
2025-09-06,0.308243051347703,5,9,0,0.13931505795483362
2025-09-07,0.354772927588673,6,9,0,0.12226061766546514
2025-09-08,0.598566963742342,0,9,0,0.10516999849235054
2025-09-09,0.647989714462153,1,9,0,0.08804825782465771
2025-09-10,0.59319700846454,2,9,0,0.07090046226091078
2025-09-11,0.602715514384714,3,9,0,0.05373168610970562
2025-09-12,0.565018730095832,4,9,0,0.03654700988812091
2025-09-13,0.302316466429125,5,9,0,0.019351518818325447
2025-09-14,0.448065881233407,6,9,0,0.0021503013227738687
2025-09-15,0.745564149802434,0,9,0,-0.015051552481532364
2025-09-16,0.644484787541325,1,9,0,-0.03224895228930312
2025-09-17,0.323688945781599,2,9,0,-0.049436809113255716
2025-09-18,0.205594083474136,3,9,0,-0.06661003679003169
2025-09-19,0.258933872838947,4,9,0,-0.08376355348526729
2025-09-20,0.580208022443659,5,9,0,-0.10089228319740061
2025-09-21,0.492206149926811,6,9,0,-0.11799115725973859
2025-09-22,0.617993349326274,0,9,0,-0.1350551158403447
2025-09-23,0.519839808114519,1,9,0,-0.15207910943934577
2025-09-24,0.790920806526554,2,9,0,-0.16905810038314617
2025-09-25,0.534154086999175,3,9,0,-0.18598706431516163
2025-09-26,0.191120737344459,4,9,0,-0.20286099168260036
2025-09-27,0.356360668073006,5,9,0,-0.21967488921888068
2025-09-28,0.655141532864489,6,9,0,-0.23642378142121204
2025-09-29,1.26217303982071,0,9,0,-0.25310271202292967
2025-09-30,0.602452885439525,1,9,0,-0.26970674546012696
2025-10-01,1.0476747211698,2,10,0,-0.28623096833217826
2025-10-02,0.752500871039409,3,10,0,-0.30267049085569003
2025-10-03,0.61371069495309,4,10,0,-0.3190204483114526
2025-10-04,0.712399973814493,5,10,0,-0.3352760024840176
2025-10-05,0.889759765444752,6,10,0,-0.3514323430933722
2025-10-06,1.43894498155524,0,10,0,-0.367484689218406
2025-10-07,1.10305417747159,1,10,0,-0.3834282907116399
2025-10-08,0.574217117723742,2,10,0,-0.39925842960488095
2025-10-09,0.599839038907062,3,10,0,-0.41497042150535474
2025-10-10,0.74775016055972,4,10,0,-0.430559616981873
2025-10-11,0.626971247734249,5,10,0,-0.44602140294068493
2025-10-12,0.472511160536568,6,10,0,-0.46135120399057555
2025-10-13,0.68272099599775,0,10,0,-0.4765444837967782
2025-10-14,0.781543642211112,1,10,0,-0.49159674642336193
2025-10-15,0.655644889201114,2,10,0,-0.5065035376636448
2025-10-16,0.588607042457841,3,10,0,-0.5212604463582775
2025-10-17,1.28238687389274,4,10,0,-0.5358631057005588
2025-10-18,0.644641544932687,5,10,0,-0.550307194528652
2025-10-19,0.821646282371736,6,10,0,-0.5645884386042955
2025-10-20,1.06956239343153,0,10,0,-0.5787026118775987
2025-10-21,1.49429521002559,1,10,0,-0.5926455377376205
2025-10-22,0.990587640004457,2,10,0,-0.6064130902482758
2025-10-23,0.581282121177833,3,10,0,-0.6200011953692753
2025-10-24,0.802310445049521,4,10,0,-0.6334058321617079
2025-10-25,0.868202125245076,5,10,0,-0.6466230339778838
2025-10-26,0.862244708692868,6,10,0,-0.6596488896351387
2025-10-27,1.21416290907099,0,10,0,-0.6724795445732231
2025-10-28,1.28061505540497,1,10,0,-0.6851112019949128
2025-10-29,1.39441254580337,2,10,0,-0.6975401239895528
2025-10-30,1.19321489680427,3,10,0,-0.7097626326391603
2025-10-31,0.799080391945611,4,10,0,-0.7217751111067897
2025-11-01,0.709691621395236,5,11,0,-0.7335740047067976
2025-11-02,0.967436670462737,6,11,0,-0.7451558219567395
2025-11-03,1.08876597177535,0,11,0,-0.7565171356105624
2025-11-04,1.03137675277806,1,11,0,-0.7676545836727677
2025-11-05,0.768355089196299,2,11,0,-0.7785648703932875
2025-11-06,0.638542232170941,3,11,0,-0.7892447672427557
2025-11-07,0.608616450415053,4,11,0,-0.7996911138678674
2025-11-08,0.453012916660016,5,11,0,-0.8099008190265968
2025-11-09,0.306309069284345,6,11,0,-0.819870861502921
2025-11-10,0.652520032841009,0,11,0,-0.8295982910008727
2025-11-11,0.670079013144277,1,11,0,-0.8390802290175681
2025-11-12,0.853258891118797,2,11,0,-0.8483138696949906
2025-11-13,1.05781901216886,3,11,0,-0.8572964806503143
2025-11-14,0.963463667151889,4,11,0,-0.8660254037844377
2025-11-15,0.40220801046902,5,11,0,-0.8744980560685742
2025-11-16,0.45878668926139,6,11,0,-0.8827119303085991
2025-11-17,0.68262471360032,0,11,0,-0.8906645958869747
2025-11-18,0.566168291023244,1,11,0,-0.8983536994820134
2025-11-19,0.658446423209274,2,11,0,-0.9057769657642543
2025-11-20,0.454523207793089,3,11,0,-0.9129321980697738
2025-11-21,0.268541575067708,4,11,0,-0.9198172790502193
2025-11-22,0.275035338329729,5,11,0,-0.9264301712993567
2025-11-23,0.551764743675596,6,11,0,-0.9327689179559784
2025-11-24,1.00922525304513,0,11,0,-0.9388316432829669
2025-11-25,1.06742007753012,1,11,0,-0.9446165532223592
2025-11-26,0.915253450077711,2,11,0,-0.9501219359262363
2025-11-27,0.916540041694941,3,11,0,-0.9553461622632786
2025-11-28,1.05288963088908,4,11,0,-0.9602876863008665
2025-11-29,0.670298674047353,5,11,0,-0.9649450457625336
2025-11-30,1.17077683041327,6,11,0,-0.9693168624606876
2025-12-01,1.14190985321147,0,12,0,-0.9734018427044308
2025-12-02,1.51566660494456,1,12,0,-0.977198777682387
2025-12-03,0.973846768044603,2,12,0,-0.9807065438204114
2025-12-04,0.770572409545798,3,12,0,-0.9839241031140682
2025-12-05,1.10811103478837,4,12,0,-0.9868505034357962
2025-12-06,0.66263028161423,5,12,0,-0.9894848788166603
2025-12-07,1.14330190930574,6,12,0,-0.9918264497026016
2025-12-08,1.32821326721801,0,12,0,-0.9938745231851226
2025-12-09,1.54466011201251,1,12,0,-0.9956284932063293
2025-12-10,1.21132767517018,2,12,0,-0.9970878407382744
2025-12-11,0.859918092433246,3,12,0,-0.9982521339365442
2025-12-12,0.890903918167454,4,12,0,-0.9991210282680495
2025-12-13,0.823383631995939,5,12,0,-0.9996942666129788
2025-12-14,0.813927085466983,6,12,0,-0.999971679340883
2025-12-15,0.980800032252842,0,12,0,-0.9999531843608731
2025-12-16,1.71337707768885,1,12,0,-0.9996387871459109
2025-12-17,0.864785122800194,2,12,0,-0.9990285807311908
2025-12-18,0.609324909422913,3,12,0,-0.9981227456866079
2025-12-19,0.676108925416283,4,12,0,-0.9969215500633254
2025-12-20,0.620983394569996,5,12,0,-0.9954253493144539
2025-12-21,0.458777138868082,6,12,0,-0.9936345861898662
2025-12-22,0.684900724698519,0,12,0,-0.9915497906051816
2025-12-23,0.536290795950779,1,12,0,-0.9891715794849546
2025-12-24,0.391802208200361,2,12,0,-0.9865006565801182
2025-12-25,0.307415691811039,3,12,1,-0.9835378122597298
2025-12-26,0.235939581504349,4,12,1,-0.9802839232770918
2025-12-27,0.523745354245687,5,12,2,-0.9767399525103051
2025-12-28,0.793119641007466,6,12,0,-0.9729069486773351
2025-12-29,1.19868209800091,0,12,0,-0.9687860460256837
2025-12-30,1.18699065118,1,12,0,-0.9643784639967455
2025-12-31,1.23053962498643,2,12,0,-0.9596855068649524
2026-01-01,0.769159007704599,3,1,1,-0.9547085633518235
2026-01-02,0.978223440684927,4,1,2,-0.9494491062150142
2026-01-03,1.12428164790194,5,1,0,-0.9439086918125085
2026-01-04,1.42948238448861,6,1,0,-0.9380889596420661
2026-01-05,2.64155036564322,0,1,0,-0.9319916318560629
2026-01-06,2.09322011363681,1,1,0,-0.9256185127518927
2026-01-07,1.48439144275744,2,1,0,-0.9189714882380278
2026-01-08,1.10181803289754,3,1,0,-0.9120525252759653
2026-01-09,1.74260463742376,4,1,0,-0.9048636712981579
2026-01-10,0.925813452359642,5,1,0,-0.8974070536021568
2026-01-11,1.20851847775346,6,1,0,-0.8896848787211052
2026-01-12,0.916683596366092,0,1,0,-0.8816994317707852
2026-01-13,1.12535153394438,1,1,0,-0.8734530757734243
2026-01-14,1.27935217773576,2,1,0,-0.8649482509584351
2026-01-15,1.04210599691736,3,1,0,-0.8561874740403063
2026-01-16,1.04462093446999,4,1,0,-0.847173337473877
2026-01-17,0.925377525860394,5,1,0,-0.8379085086871808
2026-01-18,1.08439197382788,6,1,0,-0.8283957292921144
2026-01-19,1.59986101211604,0,1,0,-0.8186378142731447
2026-01-20,1.9517063817096,1,1,0,-0.8086376511543116
2026-01-21,1.29197868168802,2,1,0,-0.7983981991447774
2026-01-22,0.855449725732147,3,1,0,-0.7879224882631221
2026-01-23,0.91512526256487,4,1,0,-0.7772136184407381
2026-01-24,0.785725121087783,5,1,0,-0.7662747586044906
2026-01-25,1.0025727280518,6,1,0,-0.7551091457389965
2026-01-26,1.52823161566654,0,1,0,-0.7437200839287427
2026-01-27,1.00748834466647,1,1,0,-0.7321109433803463
2026-01-28,1.20679221861531,2,1,0,-0.7202851594252713
2026-01-29,0.884603269604264,3,1,0,-0.7082462315032508
2026-01-30,1.2534607704729,4,1,0,-0.6959977221267399
2026-01-31,1.1574269213114,5,1,0,-0.683543255826725
2026-02-01,0.948740633118464,6,2,0,-0.6708865180801575
2026-02-02,1.09359785995413,0,2,0,-0.6580312542193666
2026-02-03,1.34503655841962,1,2,0,-0.6449812683237472
2026-02-04,1.33788749069437,2,2,0,-0.6317404220940748
2026-02-05,1.08566305348051,3,2,0,-0.618312633709784
2026-02-06,0.632473002189591,4,2,0,-0.604701876669482
2026-02-07,0.870900326600768,5,2,0,-0.5909121786151558
2026-02-08,0.824537683425845,6,2,0,-0.5769476201403174
2026-02-09,0.894936213401808,0,2,0,-0.5628123335824821
2026-02-10,1.34983986281513,1,2,0,-0.5485105018003629
2026-02-11,0.97104651869364,2,2,0,-0.5340463569360725
2026-02-12,0.951700772297067,3,2,0,-0.519424179162785
2026-02-13,1.15262926615002,4,2,0,-0.5046482954181549
2026-02-14,1.34844773854971,5,2,0,-0.4897230781238972
2026-02-15,1.49668241971444,6,2,0,-0.47465294389193585
2026-02-16,1.2587591610406,0,2,0,-0.4594423522174453
2026-02-17,0.987520469663545,1,2,0,-0.44409580415922006
