series,RMSSE_sing,RMSSE_multi,model,improvement_pct
adm_general_medicine,0.5745409757175891,0.5589630733393915,lgb,2.7113649046077355
adm_haematology_clinical,0.38075550658868146,0.26749643651766813,lgb,29.745878420968875
adm_endoscopy,0.8006368562306697,0.742091075559434,lgb,7.312401398414793
adm_other,0.5685124981282805,0.5269287671209854,lgb,7.3144796542207455
adm_general_surgery,0.5506313750690351,0.4889975610992291,lgb,11.193298595104345
adm_trauma_orthopaedics,0.6067046407211538,0.5706448788708577,lgb,5.9435447547317315
adm_ophthalmology,0.7433170458179864,0.596739801218785,lgb,19.71934390901797
adm_cardiology,0.4550170294482031,0.4174801851965026,lgb,8.249547120735516
adm_urology,0.4199686197608793,0.3823604290231129,lgb,8.955000199581495
adm_thoracic_medicine,0.7647363909655212,0.7558854152278864,lgb,1.1573891137127499
adm_gastroenterology,0.5752075525668676,0.4984939990704571,lgb,13.336673545762004
adm_dermatology,0.38287066840493517,0.32925578613101814,lgb,14.003392450322774
adm_gynaecology,0.5529991666980718,0.5523121270187163,lgb,0.12423882724050708
adm_neurology,0.4691920893296338,0.3997811131314396,lgb,14.793722608871414
adm_gastroenterology_nurses,0.4880547381572621,0.47905455028978905,lgb,1.8440939435307706
adm_geriatric_medicine,0.8218471891656036,0.8129073250570864,lgb,1.087776928165148
adm_gen_med_endoscopy_nurse,0.48140671247847294,0.4460774163735023,lgb,7.33876266973541
adm_ear_nose_and_throat,0.6451900343736869,0.6272204727546795,lgb,2.7851579630257666
adm_nephrology,0.6632884197237229,0.6277142220973437,lgb,5.363307509755219
adm_neurosurgery,0.6583889933824771,0.651078866140928,lgb,1.1103052017916177
adm_renal_surgery,0.6176086354372267,0.6020819677672109,lgb,2.513997826313405
adm_mental_illness,0.5215418691710282,0.5132757484494949,lgb,1.5849390451953587
adm_vascular_surgery,0.7256102162899549,0.7351569064704876,lgb,-1.3156774761723857
adm_rheumatology,0.7882696075984686,0.7760900073611723,lgb,1.5451059028398373
adm_oral_surgery,0.5881593225371504,0.5930126382644466,lgb,-0.8251702457695276
adm_teenage_cancer_trust_unit,0.4498992372083677,0.41512456003425624,lgb,7.729436793422663
adm_obstetrics,0.9137616156094652,0.8894330939743601,lgb,2.6624582625828914
adm_rehabilitation,0.5068048033734266,0.5018480882047773,lgb,0.9780323974153473
adm_intensivist,0.740334490683468,0.7362439856462616,lgb,0.5525212034130844
dis_general_medicine,0.49490218968963773,0.4516350527834912,lgb,8.742563239269591
dis_haematology_clinical,0.3726913248484275,0.2601833297274416,lgb,30.187983357740496
dis_endoscopy,0.7996355317507166,0.7437870727464632,lgb,6.984239292366006
dis_other,0.5643707951835121,0.5030354592974984,lgb,10.86791457131827
dis_general_surgery,0.544134397108395,0.4970355065729858,lgb,8.655745857218207
dis_trauma_orthopaedics,0.5865363346470605,0.5454231370161872,lgb,7.009488620276619
dis_ophthalmology,0.7604918959977908,0.6033490960581431,lgb,20.66331025572219
dis_cardiology,0.4372549883022188,0.3868946808651869,lgb,11.517377453501851
dis_urology,0.42796702492435046,0.3903272463921414,lgb,8.795018386956906
dis_thoracic_medicine,0.669649259740242,0.6229027231578016,lgb,6.980749385218986
dis_gastroenterology,0.5354855109243798,0.45897949992723136,lgb,14.287223358309028
dis_dermatology,0.3881237929544369,0.3293708075102951,lgb,15.137692280318142
dis_gynaecology,0.6019682201292368,0.5909173803840876,lgb,1.835784577261685
dis_neurology,0.4465990388888478,0.37703941306471855,lgb,15.57540875976709
dis_gastroenterology_nurses,0.4861551729658783,0.47856419540953443,lgb,1.5614309953823418
dis_geriatric_medicine,0.7726802833941308,0.7447616839898938,lgb,3.613214935626372
dis_gen_med_endoscopy_nurse,0.5100876944767377,0.4496940045603715,lgb,11.839864119505917
dis_ear_nose_and_throat,0.6876208596748773,0.6722359376689808,lgb,2.2374135091205365
dis_nephrology,0.6094312708117081,0.5691787617777588,lgb,6.604930032608356
dis_neurosurgery,0.680441276039976,0.6456487341525884,lgb,5.11323212046641
dis_renal_surgery,0.6579818497663384,0.6246838900830957,lgb,5.060619786863043
dis_mental_illness,0.5388989326471274,0.5200432601052793,lgb,3.498925568330046
dis_vascular_surgery,0.7309693432620374,0.7221355238224718,lgb,1.2085075141651849
dis_rheumatology,0.7242145817814791,0.7128630034471755,lgb,1.5674329984326159
dis_oral_surgery,0.5754074578184151,0.5591454311956993,lgb,2.8261758518687325
dis_teenage_cancer_trust_unit,0.45356515395207275,0.41630072532369566,lgb,8.215893197190969
dis_obstetrics,1.0025665910933084,0.9519814444812672,lgb,5.045564759631336
dis_rehabilitation,0.47313526223815416,0.46482461342238507,lgb,1.7565059041373887
dis_intensivist,0.7508329308921833,0.7525533186525102,lgb,-0.22913056813885854
adm_general_medicine,0.5659593912796478,0.5855031596423433,xgb,-3.4532103652360333
adm_haematology_clinical,0.29825376539972975,0.3481839671972769,xgb,-16.740845410829603
adm_endoscopy,0.8099939211469173,0.823971611723279,xgb,-1.7256537625084838
adm_other,0.5258297081116157,0.5641454723588878,xgb,-7.28672489518964
adm_general_surgery,0.5192252179636463,0.5266899391980866,xgb,-1.4376653860758652
adm_trauma_orthopaedics,0.559838392092955,0.593018211351868,xgb,-5.926678078448728
adm_ophthalmology,0.7610525218975833,0.6623370320985976,xgb,12.970916849845231
adm_cardiology,0.42725538940152247,0.4458598557965427,xgb,-4.354413509231659
adm_urology,0.42569600324064366,0.4235700696592924,xgb,0.49940181847314413
adm_thoracic_medicine,0.7774299680659738,0.7831929805468998,xgb,-0.7412902406197154
adm_gastroenterology,0.48630532302079243,0.5194225212995074,xgb,-6.809960062332896
adm_dermatology,0.35482294096288075,0.36433384721694917,xgb,-2.680465425448178
adm_gynaecology,0.5334536164242143,0.5605566583171249,xgb,-5.080674506358136
adm_neurology,0.4142197878511915,0.45186785154371206,xgb,-9.08890999336942
adm_gastroenterology_nurses,0.4920776615427515,0.5419037699893902,xgb,-10.125659492533128
adm_geriatric_medicine,0.8173586467653929,0.8416377587937484,xgb,-2.970435576161987
adm_gen_med_endoscopy_nurse,0.4248781060892503,0.47126175936753806,xgb,-10.916931847870822
adm_ear_nose_and_throat,0.5977034673296667,0.6332878078997581,xgb,-5.953510815165586
adm_nephrology,0.6244759414197315,0.6439372090372247,xgb,-3.116415913997982
adm_neurosurgery,0.6542483468333423,0.673299359868075,xgb,-2.911893186576987
adm_renal_surgery,0.5975347804013224,0.6267491995669833,xgb,-4.889157940905069
adm_mental_illness,0.5225963383733782,0.5456129530991873,xgb,-4.404281667462537
adm_vascular_surgery,0.7221768604760008,0.7745408144034907,xgb,-7.250849036200872
adm_rheumatology,0.7883905397568564,0.7907176084150019,xgb,-0.2951669941223878
adm_oral_surgery,0.5620434960419305,0.630093484594345,xgb,-12.107601819368394
adm_teenage_cancer_trust_unit,0.4309503282992348,0.48650475952158706,xgb,-12.891144889389079
adm_obstetrics,1.0009756092689512,0.9738285520971376,xgb,2.7120598064961974
adm_rehabilitation,0.5444878998494549,0.5417633097770429,xgb,0.5003949717092542
adm_intensivist,0.7477730400058092,0.8021667809186857,xgb,-7.2740976209109975
dis_general_medicine,0.47181820180983525,0.48869434542306117,xgb,-3.5768318281259948
dis_haematology_clinical,0.2853854442660456,0.36305024394300883,xgb,-27.214001708006368
dis_endoscopy,0.9006769750911077,0.8257827231119766,xgb,8.31532880826171
dis_other,0.5089482289168484,0.5456809181853692,xgb,-7.217372451947791
dis_general_surgery,0.510777894135565,0.5164529310440351,xgb,-1.1110576580598748
dis_trauma_orthopaedics,0.5443630130762767,0.5579745709152212,xgb,-2.500456039807623
dis_ophthalmology,0.7362825721978946,0.6626914827514179,xgb,9.994951968888552
dis_cardiology,0.3979102694284778,0.41896393042422575,xgb,-5.291057460262969
dis_urology,0.4340897931471032,0.43000406529485324,xgb,0.9412172128326028
dis_thoracic_medicine,0.6629950212610284,0.6520212653832579,xgb,1.6551792284802105
dis_gastroenterology,0.4309999369187626,0.47647036516978947,xgb,-10.549984897004151
dis_dermatology,0.33890361701340843,0.3641866965465655,xgb,-7.460256622801626
dis_gynaecology,0.5892992948226012,0.5933353876563808,xgb,-0.6848969393378608
dis_neurology,0.4019767644000469,0.4325412165924699,xgb,-7.603537044744524
dis_gastroenterology_nurses,0.4925040613753621,0.5134943761654954,xgb,-4.261957704778302
dis_geriatric_medicine,0.7783342375835006,0.7450366833025299,xgb,4.2780533957172215
dis_gen_med_endoscopy_nurse,0.4219040075656157,0.47826101287593753,xgb,-13.357779091860614
dis_ear_nose_and_throat,0.6535047027606254,0.6714342154667855,xgb,-2.7435935243342113
dis_nephrology,0.5783362135168275,0.5955774045076364,xgb,-2.9811709154379695
dis_neurosurgery,0.6654863435077722,0.6630909790908464,xgb,0.3599419342401454
dis_renal_surgery,0.6488348896289932,0.6504549767146562,xgb,-0.24969173383839663
dis_mental_illness,0.5345176321604377,0.5793821656096454,xgb,-8.393461833592317
dis_vascular_surgery,0.7244478805110433,0.7604108349863806,xgb,-4.964187962006076
dis_rheumatology,0.735189091009372,0.7282477811757863,xgb,0.9441529966196514
dis_oral_surgery,0.5291852702812018,0.6028643991485986,xgb,-13.923125416594594
dis_teenage_cancer_trust_unit,0.4482850396039899,0.4810373181361966,xgb,-7.30612794063788
dis_obstetrics,1.0427749839417761,1.0404796065414943,xgb,0.22012202398691358
dis_rehabilitation,0.5483696711468019,0.4890860163219555,xgb,10.8108923494742
dis_intensivist,0.7361311601094799,0.8012799260056346,xgb,-8.85015733968734
adm_general_medicine,0.5607899551692274,0.7265003529720617,ridge,-29.54945898644504
adm_haematology_clinical,0.28885783301388307,0.8205830015720669,ridge,-184.07850083560936
adm_endoscopy,0.8026638150306492,1.2428541920793534,ridge,-54.84118865279803
adm_other,0.5342130495841245,0.6908361353219555,ridge,-29.31846870078508
adm_general_surgery,0.5006671503835787,0.6306215667087878,ridge,-25.956249820993143
adm_trauma_orthopaedics,0.5914814374524011,0.7136811898283131,ridge,-20.65994714935511
adm_ophthalmology,0.6384869442744915,0.7583165779978539,ridge,-18.767750037477125
adm_cardiology,0.41824863482812646,0.46649484081752995,ridge,-11.53529311798701
adm_urology,0.3891689296834965,0.6466241429474083,ridge,-66.15513049135119
adm_thoracic_medicine,0.7490322485579255,0.7899480996416994,ridge,-5.462495261391907
adm_gastroenterology,0.5203792095095346,0.5627467102498004,ridge,-8.141658999059121
adm_dermatology,0.33497295805482635,0.5756329063153109,ridge,-71.84458998063205
adm_gynaecology,0.5685824701517781,0.6074008896984621,ridge,-6.827227637939968
adm_neurology,0.39665523319491397,0.42253541061291117,ridge,-6.524602539475342
adm_gastroenterology_nurses,0.5587316090976163,0.5252579167491922,ridge,5.991014612988526
adm_geriatric_medicine,0.8132345227404202,1.1958646702020796,ridge,-47.05040634186072
adm_gen_med_endoscopy_nurse,0.5103295911361126,0.6301968257078789,ridge,-23.488199911142498
adm_ear_nose_and_throat,0.6337368440790823,0.654144109036831,ridge,-3.220148102230605
adm_nephrology,0.6838284257009221,0.8313785120531605,ridge,-21.577062433606798
adm_neurosurgery,0.6355520203746087,1.0361288824239276,ridge,-63.02817852946324
adm_renal_surgery,0.6125463731901121,0.8918848831446619,ridge,-45.602834688216056
adm_mental_illness,0.521998312164945,0.9273165066097125,ridge,-77.64741475192588
adm_vascular_surgery,0.757603410541725,1.07868944962,ridge,-42.381810141097716
adm_rheumatology,0.7748404093230958,0.9734150426624245,ridge,-25.627810701406812
adm_oral_surgery,0.6242219139102336,0.8761447833328172,ridge,-40.35790218329493
adm_teenage_cancer_trust_unit,0.3885921739020345,1.073292799195061,ridge,-176.20031263564303
adm_obstetrics,0.8622453785711818,1.5970384676889777,ridge,-85.21855928476117
adm_rehabilitation,0.5005376873126777,1.1992053336565762,ridge,-139.58342479563427
adm_intensivist,0.7569175693515852,1.5611143488847259,ridge,-106.2462825670776
dis_general_medicine,0.4494498851491204,0.7661924309212872,ridge,-70.47338451695825
dis_haematology_clinical,0.28192320469204557,0.8187023315910612,ridge,-190.3990583128331
dis_endoscopy,0.8039915698486347,1.2408329252918384,ridge,-54.33407162782149
dis_other,0.5049548723277084,0.6736955354327929,ridge,-33.416978893031505
dis_general_surgery,0.4889640724255164,0.5559278967929482,ridge,-13.69503980839662
dis_trauma_orthopaedics,0.5736678165494986,0.6405590014279962,ridge,-11.660264520473735
dis_ophthalmology,0.6450314656871228,0.7592186547275491,ridge,-17.702576558616084
dis_cardiology,0.3884070434364954,0.4889889041521516,ridge,-25.89599298347981
dis_urology,0.40259311473524445,0.6751254760428146,ridge,-67.6942429794892
dis_thoracic_medicine,0.6154708086815905,0.629241783044385,ridge,-2.2374699447230526
dis_gastroenterology,0.4791415543887982,0.5377851670401538,ridge,-12.239308428625538
dis_dermatology,0.3341683602556071,0.5750677213451781,ridge,-72.08921901083212
dis_gynaecology,0.6036885464642108,0.6553399485083194,ridge,-8.55596852824684
dis_neurology,0.3738082785143392,0.3938931702455015,ridge,-5.373046260769716
dis_gastroenterology_nurses,0.5584586801391151,0.5252123310488989,ridge,5.953233475023512
dis_geriatric_medicine,0.7494660196769615,0.8793620728417041,ridge,-17.33181355183135
dis_gen_med_endoscopy_nurse,0.5143768116452149,0.6345063213791338,ridge,-23.35437893276899
dis_ear_nose_and_throat,0.6631660477532494,0.7177691230889548,ridge,-8.233695847472292
dis_nephrology,0.6411349993626768,0.7215650570949793,ridge,-12.544948850437795
dis_neurosurgery,0.6543149150948986,0.8679029048876294,ridge,-32.64299572962556
dis_renal_surgery,0.638381750215404,0.8722171894318913,ridge,-36.62940538910865
dis_mental_illness,0.538779079572789,0.8201548502308034,ridge,-52.224702355021655
dis_vascular_surgery,0.758914743574212,0.9718393620948587,ridge,-28.056460929701977
dis_rheumatology,0.714827706619809,0.9295142332897063,ridge,-30.033324769276366
dis_oral_surgery,0.5856909137999335,0.8335232136424346,ridge,-42.314520168082765
dis_teenage_cancer_trust_unit,0.3910823796806138,1.064500616001095,ridge,-172.19344856969607
dis_obstetrics,0.9343206994573099,1.712580140909032,ridge,-83.29682109191904
dis_rehabilitation,0.47093433029876003,1.0976593565246788,ridge,-133.0811932585856
dis_intensivist,0.7588925398086538,1.3282073094538887,ridge,-75.01915485804896
